[
{
  "model": "women.tagpost",
  "pk": 1,
  "fields": {
    "tag": "Блондинки",
    "slug": "blonde"
  }
},
{
  "model": "women.tagpost",
  "pk": 2,
  "fields": {
    "tag": "Брюнетки",
    "slug": "brunetky"
  }
},
{
  "model": "women.tagpost",
  "pk": 3,
  "fields": {
    "tag": "Оскар",
    "slug": "oskar"
  }
},
{
  "model": "women.tagpost",
  "pk": 4,
  "fields": {
    "tag": "Олимпиада",
    "slug": "olimpiada"
  }
},
{
  "model": "women.tagpost",
  "pk": 5,
  "fields": {
    "tag": "Высокие",
    "slug": "visokie"
  }
},
{
  "model": "women.tagpost",
  "pk": 6,
  "fields": {
    "tag": "Средние",
    "slug": "srednie"
  }
},
{
  "model": "women.tagpost",
  "pk": 7,
  "fields": {
    "tag": "Низкие",
    "slug": "niskie"
  }
}
]
